﻿{"cameraMode":{"drawMode":0,"name":"Shaded","section":"Shading Mode"},"sceneLighting":false,"audioPlay":false,"sceneViewState":{"showFog":true,"showMaterialUpdate":false,"showSkybox":false,"showFlares":true,"showImageEffects":true,"showParticleSystems":true},"in2DMode":false,"pivot":{"x":0.47659915685653689,"y":1.0398004055023194,"z":-0.5272536277770996},"rotation":{"x":0.001541679841466248,"y":-0.9967641234397888,"z":0.07791264355182648,"w":0.019714439287781717},"size":2.700057029724121,"orthographic":false}