﻿{"cameraMode":{"drawMode":0,"name":"Shaded","section":"Shading Mode"},"sceneLighting":true,"audioPlay":false,"sceneViewState":{"showFog":true,"showMaterialUpdate":false,"showSkybox":true,"showFlares":true,"showImageEffects":true,"showParticleSystems":true},"in2DMode":false,"pivot":{"x":-233.90150451660157,"y":-213.07473754882813,"z":61.08562469482422},"rotation":{"x":0.22749336063861848,"y":-0.6516343355178833,"z":0.21450363099575044,"w":0.6910917162895203},"size":548.193359375,"orthographic":false}